Feature,Importance
species_richness,0.583297073841095
lon_grid,0.17825447022914886
lat_grid,0.14420899748802185
month,0.08572353422641754
order_enc,0.004360727500170469
class_enc,0.0010152369504794478
family_enc,0.0009545834618620574
humidity,0.0005629222723655403
rainfall,0.00043470895616337657
day,0.0004262286238372326
year,0.0003823939186986536
temperature,0.00037905049975961447
