Feature,Importance
species_richness,0.595477819442749
lon_grid,0.1709595024585724
lat_grid,0.1415765881538391
month,0.08368013054132462
order_enc,0.004176647402346134
class_enc,0.0010018814355134964
family_enc,0.0009443478775210679
humidity,0.0005553019000217319
rainfall,0.0004608588060364127
day,0.00040617500781081617
temperature,0.00038725981721654534
year,0.0003735190839506686
