Feature,Importance
species_richness,0.5888039469718933
lon_grid,0.1759941577911377
lat_grid,0.1429944932460785
month,0.08411221951246262
order_enc,0.004108080640435219
class_enc,0.0009419713169336319
family_enc,0.000915066571906209
humidity,0.0005331028951331973
day,0.0004434292495716363
rainfall,0.00041668544872663915
temperature,0.0003988884564023465
year,0.00033798336517065763
